{
    "seg_loss_list": [
        1.4200098514556885,
        1.086538314819336,
        0.9835678339004517,
        0.9573419690132141,
        0.8950538635253906
    ],
    "depth_loss_list": [
        17.704923629760742,
        14.011736869812012,
        0.34542644023895264,
        0.3283980190753937,
        0.314229279756546
    ],
    "cam_loss_list": [
        4219.09765625,
        3799.886962890625,
        3476.51611328125,
        3358.6435546875,
        3698.740478515625
    ],
    "total_loss_list": [
        4238.22314453125,
        3814.985107421875,
        3477.844970703125,
        3359.92919921875,
        3699.94970703125
    ],
    "seg_val_loss_list": [
        2.309443712234497,
        2.027698516845703,
        2.032072067260742,
        1.9531418085098267,
        2.0047407150268555
    ],
    "depth_val_loss_list": [
        17.63500213623047,
        0.40556392073631287,
        0.3734437823295593,
        0.3673743009567261,
        0.35936471819877625
    ],
    "cam_val_loss_list": [
        3514.765625,
        3731.859619140625,
        2372.5029296875,
        2518.62939453125,
        4298.54931640625
    ],
    "val_total_loss_list": [
        3534.710205078125,
        3734.29296875,
        2374.90869140625,
        2520.949951171875,
        4300.9140625
    ],
    "mAcc_list": [
        0.11580894142389297,
        0.12786030769348145,
        0.13229341804981232,
        0.13382981717586517,
        0.14035050570964813
    ],
    "val_mIoU_list": [
        0.05871982127428055,
        0.07034921646118164,
        0.07438379526138306,
        0.07588988542556763,
        0.08064104616641998
    ]
}