{
    "seg_loss_list": [
        1.6018097400665283,
        1.2661937475204468,
        1.1765327453613281,
        1.0882028341293335,
        1.0566563606262207
    ],
    "depth_loss_list": [
        17.704923629760742,
        17.704923629760742,
        17.704923629760742,
        17.704923629760742,
        13.825308799743652
    ],
    "cam_loss_list": [
        4085.46826171875,
        3473.051513671875,
        3127.502685546875,
        2890.479736328125,
        2628.481689453125
    ],
    "total_loss_list": [
        4104.775390625,
        3492.02294921875,
        3146.384033203125,
        2909.272705078125,
        2643.36376953125
    ],
    "seg_val_loss_list": [
        2.589580774307251,
        2.100627899169922,
        2.0565876960754395,
        2.1129634380340576,
        2.017798662185669
    ],
    "depth_val_loss_list": [
        17.63500213623047,
        17.63500213623047,
        17.63500213623047,
        17.63500213623047,
        8.998672485351562
    ],
    "cam_val_loss_list": [
        3286.7666015625,
        2323.039794921875,
        3703.7783203125,
        3345.041015625,
        3647.602783203125
    ],
    "val_total_loss_list": [
        3306.9912109375,
        2342.775146484375,
        3723.469970703125,
        3364.789306640625,
        3658.61962890625
    ],
    "mAcc_list": [
        0.10046735405921936,
        0.11038091778755188,
        0.11377152055501938,
        0.10820959508419037,
        0.11395377665758133
    ],
    "val_mIoU_list": [
        0.048291344195604324,
        0.05654735118150711,
        0.05857199430465698,
        0.0562012605369091,
        0.06037492677569389
    ]
}