{
    "fseg_loss_list": [
        1.2633439302444458,
        1.186904788017273
    ],
    "fdepth_loss_list": [
        0.3740949332714081,
        0.3686158359050751
    ],
    "fcam_loss_list": [
        3982.87109375,
        3607.76806640625
    ],
    "ftotal_loss_list": [
        3984.509033203125,
        3609.323486328125
    ],
    "fseg_val_loss_list": [
        2.1717376708984375,
        2.234795331954956
    ],
    "fdepth_val_loss_list": [
        0.3924172818660736,
        0.39474645256996155
    ],
    "fcam_val_loss_list": [
        3038.904541015625,
        2452.852783203125
    ],
    "fval_total_loss_list": [
        3041.468994140625,
        2455.482177734375
    ],
    "fmAcc_list": [
        0.11222017556428909,
        0.11636701971292496
    ],
    "fval_mIoU_list": [
        0.055336471647024155,
        0.057971127331256866
    ]
}