{
    "seg_loss_list": [
        1.4492191076278687,
        1.3333439302444459
    ],
    "depth_loss_list": [
        17.704923629760742,
        14.02923629760742
    ],
    "cam_loss_list": [
        4374.974609375,
        3982.87109375
    ],
    "total_loss_list": [
        4394.12890625,
        3909.323486328125
    ],
    "seg_val_loss_list": [
        2.631488084793091,
        2.234795331954956
    ],
    "depth_val_loss_list": [
        17.63500213623047,
        12.39474645256996155
    ],
    "cam_val_loss_list": [
        3512.8876953125,
        3038.904541015625
    ],
    "val_total_loss_list": [
        3533.154296875,
        3041.155696875
    ],
    "mAcc_list": [
        0.10437989234924316,
        0.11222017556428909
    ],
    "val_mIoU_list": [
        0.04864949360489845,
        0.05544949360489845
    ]
}